userID, movieID, movieTitle, timePoint
597615,1408,1408,80.mpg
597615,1408,1408,81.mpg
597615,1408,1408,82.mpg
597615,1408,1408,83.mpg
597615,1408,1408,84.mpg
597615,1408,1408,85.mpg
597615,1408,1408,86.mpg
597615,1408,1408,87.mpg
597615,1408,1408,88.mpg
597615,1408,1408,89.mpg
597615,1408,1408,90.mpg
597615,1408,1408,91.mpg
597615,1408,1408,92.mpg
597615,1408,1408,93.mpg
597615,1408,1408,94.mpg
530882,150,150,0.mpg
530882,150,150,1.mpg
530882,150,150,2.mpg
530882,150,150,3.mpg
530882,150,150,4.mpg
530882,150,150,5.mpg
530882,150,150,6.mpg
530882,150,150,7.mpg
530882,150,150,8.mpg
530882,150,150,9.mpg
530882,150,150,10.mpg
530882,150,150,11.mpg
530882,150,150,12.mpg
530882,150,150,13.mpg
530882,150,150,14.mpg
530882,150,150,15.mpg
530882,150,150,16.mpg
530882,150,150,17.mpg
530882,150,150,18.mpg
530882,150,150,19.mpg
530882,150,150,20.mpg
957154,145,145,0.mpg
957154,145,145,1.mpg
957154,145,145,2.mpg
957154,145,145,3.mpg
957154,145,145,4.mpg
957154,145,145,5.mpg
957154,145,145,6.mpg
957154,145,145,7.mpg
957154,145,145,8.mpg
957154,145,145,9.mpg
957154,145,145,10.mpg
957154,145,145,11.mpg
957154,145,145,12.mpg
957154,145,145,13.mpg
957154,145,145,14.mpg
957154,145,145,15.mpg
957154,145,145,16.mpg
957154,145,145,17.mpg
127092,6333,6333,0.mpg
957154,145,145,18.mpg
127092,6333,6333,1.mpg
957154,145,145,19.mpg
127092,6333,6333,2.mpg
957154,145,145,20.mpg
127092,6333,6333,3.mpg
957154,145,145,21.mpg
127092,6333,6333,4.mpg
957154,145,145,22.mpg
127092,6333,6333,5.mpg
957154,145,145,23.mpg
127092,6333,6333,6.mpg
957154,145,145,24.mpg
127092,6333,6333,7.mpg
957154,145,145,25.mpg
127092,6333,6333,8.mpg
957154,145,145,26.mpg
127092,6333,6333,9.mpg
957154,145,145,27.mpg
127092,6333,6333,10.mpg
957154,145,145,28.mpg
127092,6333,6333,11.mpg
957154,145,145,29.mpg
127092,6333,6333,12.mpg
957154,145,145,30.mpg
127092,6333,6333,13.mpg
957154,145,145,31.mpg
127092,6333,6333,14.mpg
957154,145,145,32.mpg
127092,6333,6333,15.mpg
957154,145,145,33.mpg
127092,6333,6333,16.mpg
957154,145,145,34.mpg
127092,6333,6333,17.mpg
957154,145,145,35.mpg
127092,6333,6333,18.mpg
957154,145,145,36.mpg
127092,6333,6333,19.mpg
957154,145,145,37.mpg
127092,6333,6333,20.mpg
957154,145,145,38.mpg
127092,6333,6333,21.mpg
957154,145,145,39.mpg
127092,6333,6333,22.mpg
957154,145,145,40.mpg
127092,6333,6333,23.mpg
957154,145,145,41.mpg
127092,6333,6333,24.mpg
957154,145,145,42.mpg
957154,145,145,43.mpg
957154,145,145,44.mpg
957154,145,145,45.mpg
957154,145,145,46.mpg
957154,145,145,47.mpg
957154,145,145,48.mpg
957154,145,145,49.mpg
957154,145,145,50.mpg
957154,145,145,51.mpg
957154,145,145,52.mpg
957154,145,145,53.mpg
957154,145,145,54.mpg
957154,145,145,55.mpg
957154,145,145,56.mpg
957154,145,145,57.mpg
957154,145,145,58.mpg
957154,145,145,59.mpg
957154,145,145,60.mpg
957154,145,145,61.mpg
957154,145,145,62.mpg
957154,145,145,63.mpg
957154,145,145,64.mpg
957154,145,145,65.mpg
957154,145,145,66.mpg
957154,145,145,67.mpg
957154,145,145,68.mpg
957154,145,145,69.mpg
957154,145,145,70.mpg
957154,145,145,71.mpg
957154,145,145,72.mpg
957154,145,145,73.mpg
957154,145,145,74.mpg
957154,145,145,75.mpg
957154,145,145,76.mpg
957154,145,145,77.mpg
957154,145,145,78.mpg
957154,145,145,79.mpg
957154,145,145,80.mpg
957154,145,145,81.mpg
957154,145,145,82.mpg
957154,145,145,83.mpg
957154,145,145,84.mpg
663535,1261,1261,0.mpg
957154,145,145,85.mpg
663535,1261,1261,1.mpg
957154,145,145,86.mpg
663535,1261,1261,2.mpg
957154,145,145,87.mpg
663535,1261,1261,3.mpg
957154,145,145,88.mpg
663535,1261,1261,4.mpg
957154,145,145,89.mpg
663535,1261,1261,5.mpg
957154,145,145,90.mpg
663535,1261,1261,6.mpg
957154,145,145,91.mpg
663535,1261,1261,7.mpg
957154,145,145,92.mpg
663535,1261,1261,8.mpg
957154,145,145,93.mpg
663535,1261,1261,9.mpg
957154,145,145,94.mpg
663535,1261,1261,10.mpg
957154,145,145,95.mpg
663535,1261,1261,11.mpg
957154,145,145,96.mpg
663535,1261,1261,12.mpg
957154,145,145,97.mpg
663535,1261,1261,13.mpg
957154,145,145,98.mpg
663535,1261,1261,14.mpg
957154,145,145,99.mpg
663535,1261,1261,15.mpg
957154,145,145,100.mpg
663535,1261,1261,16.mpg
957154,145,145,101.mpg
663535,1261,1261,17.mpg
957154,145,145,102.mpg
663535,1261,1261,18.mpg
957154,145,145,103.mpg
663535,1261,1261,19.mpg
957154,145,145,104.mpg
663535,1261,1261,20.mpg
663535,1261,1261,21.mpg
663535,1261,1261,22.mpg
663535,1261,1261,23.mpg
663535,1261,1261,24.mpg
663535,1261,1261,25.mpg
663535,1261,1261,26.mpg
663535,1261,1261,27.mpg
663535,1261,1261,28.mpg
663535,1261,1261,29.mpg
663535,1261,1261,30.mpg
663535,1261,1261,31.mpg
663535,1261,1261,32.mpg
663535,1261,1261,33.mpg
663535,1261,1261,34.mpg
663535,1261,1261,35.mpg
663535,1261,1261,36.mpg
663535,1261,1261,37.mpg
663535,1261,1261,38.mpg
663535,1261,1261,39.mpg
663535,1261,1261,40.mpg
663535,1261,1261,41.mpg
663535,1261,1261,42.mpg
663535,1261,1261,43.mpg
663535,1261,1261,44.mpg
663535,1261,1261,45.mpg
663535,1261,1261,46.mpg
663535,1261,1261,47.mpg
663535,1261,1261,48.mpg
663535,1261,1261,49.mpg
663535,1261,1261,50.mpg
663535,1261,1261,51.mpg
663535,1261,1261,52.mpg
663535,1261,1261,53.mpg
663535,1261,1261,54.mpg
663535,1261,1261,55.mpg
663535,1261,1261,56.mpg
630986,491,491,0.mpg
630986,491,491,1.mpg
630986,491,491,2.mpg
630986,491,491,3.mpg
630986,491,491,4.mpg
630986,491,491,5.mpg
630986,491,491,6.mpg
630986,491,491,7.mpg
630986,491,491,8.mpg
630986,491,491,9.mpg
630986,491,491,10.mpg
630986,491,491,11.mpg
630986,491,491,12.mpg
630986,491,491,13.mpg
630986,491,491,14.mpg
630986,491,491,15.mpg
630986,491,491,16.mpg
630986,491,491,17.mpg
630986,491,491,18.mpg
630986,491,491,19.mpg
630986,491,491,20.mpg
630986,491,491,21.mpg
630986,491,491,22.mpg
630986,491,491,23.mpg
630986,491,491,24.mpg
630986,491,491,25.mpg
630986,491,491,26.mpg
630986,491,491,27.mpg
630986,491,491,28.mpg
630986,491,491,29.mpg
630986,491,491,30.mpg
630986,491,491,31.mpg
630986,491,491,32.mpg
630986,491,491,33.mpg
630986,491,491,34.mpg
630986,491,491,35.mpg
630986,491,491,36.mpg
630986,491,491,37.mpg
630986,491,491,38.mpg
630986,491,491,39.mpg
630986,491,491,40.mpg
630986,491,491,41.mpg
630986,491,491,42.mpg
630986,491,491,43.mpg
630986,491,491,44.mpg
630986,491,491,45.mpg
630986,491,491,46.mpg
630986,491,491,47.mpg
630986,491,491,48.mpg
630986,491,491,49.mpg
630986,491,491,50.mpg
630986,491,491,51.mpg
630986,491,491,52.mpg
511688,19,19,0.mpg
511688,19,19,1.mpg
511688,19,19,2.mpg
511688,19,19,3.mpg
511688,19,19,4.mpg
511688,19,19,5.mpg
511688,19,19,6.mpg
511688,19,19,7.mpg
511688,19,19,8.mpg
511688,19,19,9.mpg
511688,19,19,10.mpg
511688,19,19,11.mpg
511688,19,19,12.mpg
511688,19,19,13.mpg
511688,19,19,14.mpg
511688,19,19,15.mpg
511688,19,19,16.mpg
511688,19,19,17.mpg
511688,19,19,18.mpg
511688,19,19,19.mpg
511688,19,19,20.mpg
511688,19,19,21.mpg
511688,19,19,22.mpg
511688,19,19,23.mpg
511688,19,19,24.mpg
511688,19,19,25.mpg
511688,19,19,26.mpg
511688,19,19,27.mpg
511688,19,19,28.mpg
511688,19,19,29.mpg
511688,19,19,30.mpg
511688,19,19,31.mpg
511688,19,19,32.mpg
511688,19,19,33.mpg
511688,19,19,34.mpg
511688,19,19,35.mpg
511688,19,19,36.mpg
511688,19,19,37.mpg
511688,19,19,38.mpg
511688,19,19,39.mpg
511688,19,19,40.mpg
511688,19,19,41.mpg
511688,19,19,42.mpg
511688,19,19,43.mpg
511688,19,19,44.mpg
511688,19,19,45.mpg
511688,19,19,46.mpg
511688,19,19,47.mpg
511688,19,19,48.mpg
511688,19,19,49.mpg
511688,19,19,50.mpg
511688,19,19,51.mpg
511688,19,19,52.mpg
511688,19,19,53.mpg
511688,19,19,54.mpg
511688,19,19,55.mpg
511688,19,19,56.mpg
511688,19,19,57.mpg
511688,19,19,58.mpg
511688,19,19,59.mpg
134093,1923,1923,0.mpg
134093,1923,1923,1.mpg
702521,592,592,0.mpg
134093,1923,1923,2.mpg
702521,592,592,1.mpg
134093,1923,1923,3.mpg
702521,592,592,2.mpg
134093,1923,1923,4.mpg
702521,592,592,3.mpg
134093,1923,1923,5.mpg
702521,592,592,4.mpg
134093,1923,1923,6.mpg
702521,592,592,5.mpg
134093,1923,1923,7.mpg
702521,592,592,6.mpg
134093,1923,1923,8.mpg
233327,4848,4848,0.mpg
920760,-1,-1,0.mpg
702521,592,592,7.mpg
134093,1923,1923,9.mpg
233327,4848,4848,1.mpg
920760,-1,-1,1.mpg
702521,592,592,8.mpg
134093,1923,1923,10.mpg
233327,4848,4848,2.mpg
920760,-1,-1,2.mpg
702521,592,592,9.mpg
134093,1923,1923,11.mpg
233327,4848,4848,3.mpg
920760,-1,-1,3.mpg
702521,592,592,10.mpg
134093,1923,1923,12.mpg
233327,4848,4848,4.mpg
920760,-1,-1,4.mpg
702521,592,592,11.mpg
134093,1923,1923,13.mpg
233327,4848,4848,5.mpg
920760,-1,-1,5.mpg
702521,592,592,12.mpg
134093,1923,1923,14.mpg
233327,4848,4848,6.mpg
920760,-1,-1,6.mpg
702521,592,592,13.mpg
134093,1923,1923,15.mpg
233327,4848,4848,7.mpg
920760,-1,-1,7.mpg
702521,592,592,14.mpg
134093,1923,1923,16.mpg
233327,4848,4848,8.mpg
920760,-1,-1,8.mpg
702521,592,592,15.mpg
134093,1923,1923,17.mpg
233327,4848,4848,9.mpg
920760,-1,-1,9.mpg
702521,592,592,16.mpg
134093,1923,1923,18.mpg
233327,4848,4848,10.mpg
920760,-1,-1,10.mpg
702521,592,592,17.mpg
134093,1923,1923,19.mpg
233327,4848,4848,11.mpg
920760,-1,-1,11.mpg
702521,592,592,18.mpg
134093,1923,1923,20.mpg
920760,-1,-1,12.mpg
233327,4848,4848,12.mpg
702521,592,592,19.mpg
134093,1923,1923,21.mpg
920760,-1,-1,13.mpg
233327,4848,4848,13.mpg
702521,592,592,20.mpg
134093,1923,1923,22.mpg
920760,-1,-1,14.mpg
233327,4848,4848,14.mpg
702521,592,592,21.mpg
134093,1923,1923,23.mpg
920760,-1,-1,15.mpg
233327,4848,4848,15.mpg
702521,592,592,22.mpg
134093,1923,1923,24.mpg
920760,-1,-1,16.mpg
233327,4848,4848,16.mpg
702521,592,592,23.mpg
134093,1923,1923,25.mpg
920760,-1,-1,17.mpg
702521,592,592,24.mpg
233327,4848,4848,17.mpg
134093,1923,1923,26.mpg
920760,-1,-1,18.mpg
233327,4848,4848,18.mpg
702521,592,592,25.mpg
134093,1923,1923,27.mpg
920760,-1,-1,19.mpg
233327,4848,4848,19.mpg
702521,592,592,26.mpg
134093,1923,1923,28.mpg
920760,-1,-1,20.mpg
702521,592,592,27.mpg
134093,1923,1923,29.mpg
920760,-1,-1,21.mpg
702521,592,592,28.mpg
134093,1923,1923,30.mpg
920760,-1,-1,22.mpg
702521,592,592,29.mpg
134093,1923,1923,31.mpg
920760,-1,-1,23.mpg
702521,592,592,30.mpg
134093,1923,1923,32.mpg
920760,-1,-1,24.mpg
702521,592,592,31.mpg
134093,1923,1923,33.mpg
920760,-1,-1,25.mpg
702521,592,592,32.mpg
134093,1923,1923,34.mpg
920760,-1,-1,26.mpg
702521,592,592,33.mpg
134093,1923,1923,35.mpg
920760,-1,-1,27.mpg
702521,592,592,34.mpg
134093,1923,1923,36.mpg
920760,-1,-1,28.mpg
702521,592,592,35.mpg
134093,1923,1923,37.mpg
920760,-1,-1,29.mpg
134093,1923,1923,38.mpg
702521,592,592,36.mpg
920760,-1,-1,30.mpg
134093,1923,1923,39.mpg
702521,592,592,37.mpg
920760,-1,-1,31.mpg
134093,1923,1923,40.mpg
702521,592,592,38.mpg
920760,-1,-1,32.mpg
134093,1923,1923,41.mpg
702521,592,592,39.mpg
920760,-1,-1,33.mpg
134093,1923,1923,42.mpg
702521,592,592,40.mpg
920760,-1,-1,34.mpg
134093,1923,1923,43.mpg
702521,592,592,41.mpg
920760,-1,-1,35.mpg
134093,1923,1923,44.mpg
702521,592,592,42.mpg
920760,-1,-1,36.mpg
134093,1923,1923,45.mpg
702521,592,592,43.mpg
323258,8690,8690,0.mpg
920760,-1,-1,37.mpg
134093,1923,1923,46.mpg
702521,592,592,44.mpg
323258,8690,8690,1.mpg
920760,-1,-1,38.mpg
134093,1923,1923,47.mpg
702521,592,592,45.mpg
323258,8690,8690,2.mpg
920760,-1,-1,39.mpg
134093,1923,1923,48.mpg
702521,592,592,46.mpg
323258,8690,8690,3.mpg
920760,-1,-1,40.mpg
134093,1923,1923,49.mpg
702521,592,592,47.mpg
323258,8690,8690,4.mpg
920760,-1,-1,41.mpg
134093,1923,1923,50.mpg
702521,592,592,48.mpg
323258,8690,8690,5.mpg
920760,-1,-1,42.mpg
134093,1923,1923,51.mpg
702521,592,592,49.mpg
323258,8690,8690,6.mpg
920760,-1,-1,43.mpg
134093,1923,1923,52.mpg
702521,592,592,50.mpg
323258,8690,8690,7.mpg
920760,-1,-1,44.mpg
134093,1923,1923,53.mpg
702521,592,592,51.mpg
323258,8690,8690,8.mpg
920760,-1,-1,45.mpg
134093,1923,1923,54.mpg
702521,592,592,52.mpg
323258,8690,8690,9.mpg
920760,-1,-1,46.mpg
134093,1923,1923,55.mpg
702521,592,592,53.mpg
323258,8690,8690,10.mpg
920760,-1,-1,47.mpg
134093,1923,1923,56.mpg
702521,592,592,54.mpg
323258,8690,8690,11.mpg
920760,-1,-1,48.mpg
134093,1923,1923,57.mpg
323258,8690,8690,12.mpg
702521,592,592,55.mpg
920760,-1,-1,49.mpg
134093,1923,1923,58.mpg
702521,592,592,56.mpg
323258,8690,8690,13.mpg
920760,-1,-1,50.mpg
134093,1923,1923,59.mpg
702521,592,592,57.mpg
323258,8690,8690,14.mpg
920760,-1,-1,51.mpg
134093,1923,1923,60.mpg
702521,592,592,58.mpg
323258,8690,8690,15.mpg
134093,1923,1923,61.mpg
920760,-1,-1,52.mpg
702521,592,592,59.mpg
323258,8690,8690,16.mpg
134093,1923,1923,62.mpg
920760,-1,-1,53.mpg
702521,592,592,60.mpg
323258,8690,8690,17.mpg
920760,-1,-1,54.mpg
134093,1923,1923,63.mpg
702521,592,592,61.mpg
323258,8690,8690,18.mpg
920760,-1,-1,55.mpg
702521,592,592,62.mpg
134093,1923,1923,64.mpg
323258,8690,8690,19.mpg
134093,1923,1923,65.mpg
920760,-1,-1,56.mpg
702521,592,592,63.mpg
323258,8690,8690,20.mpg
920760,-1,-1,57.mpg
134093,1923,1923,66.mpg
323258,8690,8690,21.mpg
920760,-1,-1,58.mpg
134093,1923,1923,67.mpg
323258,8690,8690,22.mpg
920760,-1,-1,59.mpg
134093,1923,1923,68.mpg
323258,8690,8690,23.mpg
920760,-1,-1,60.mpg
134093,1923,1923,69.mpg
323258,8690,8690,24.mpg
920760,-1,-1,61.mpg
134093,1923,1923,70.mpg
323258,8690,8690,25.mpg
920760,-1,-1,62.mpg
134093,1923,1923,71.mpg
323258,8690,8690,26.mpg
920760,-1,-1,63.mpg
134093,1923,1923,72.mpg
323258,8690,8690,27.mpg
920760,-1,-1,64.mpg
134093,1923,1923,73.mpg
323258,8690,8690,28.mpg
920760,-1,-1,65.mpg
134093,1923,1923,74.mpg
323258,8690,8690,29.mpg
134093,1923,1923,75.mpg
920760,-1,-1,66.mpg
323258,8690,8690,30.mpg
920760,-1,-1,67.mpg
134093,1923,1923,76.mpg
323258,8690,8690,31.mpg
920760,-1,-1,68.mpg
134093,1923,1923,77.mpg
323258,8690,8690,32.mpg
920760,-1,-1,69.mpg
134093,1923,1923,78.mpg
323258,8690,8690,33.mpg
920760,-1,-1,70.mpg
134093,1923,1923,79.mpg
323258,8690,8690,34.mpg
920760,-1,-1,71.mpg
134093,1923,1923,80.mpg
323258,8690,8690,35.mpg
920760,-1,-1,72.mpg
134093,1923,1923,81.mpg
323258,8690,8690,36.mpg
920760,-1,-1,73.mpg
323258,8690,8690,37.mpg
920760,-1,-1,74.mpg
920760,-1,-1,75.mpg
920760,-1,-1,76.mpg
920760,-1,-1,77.mpg
920760,-1,-1,78.mpg
920760,-1,-1,79.mpg
920760,-1,-1,80.mpg
920760,-1,-1,81.mpg
920760,-1,-1,82.mpg
920760,-1,-1,83.mpg
920760,-1,-1,84.mpg
920760,-1,-1,85.mpg
920760,-1,-1,86.mpg
920760,-1,-1,87.mpg
920760,-1,-1,88.mpg
920760,-1,-1,89.mpg
920760,-1,-1,90.mpg
920760,-1,-1,91.mpg
920760,-1,-1,92.mpg
920760,-1,-1,93.mpg
920760,-1,-1,94.mpg
920760,-1,-1,95.mpg
612358,296,296,0.mpg
356923,3753,3753,0.mpg
920760,-1,-1,96.mpg
356923,3753,3753,1.mpg
612358,296,296,1.mpg
920760,-1,-1,97.mpg
612358,296,296,2.mpg
356923,3753,3753,2.mpg
920760,-1,-1,98.mpg
612358,296,296,3.mpg
356923,3753,3753,3.mpg
920760,-1,-1,99.mpg
612358,296,296,4.mpg
356923,3753,3753,4.mpg
920760,-1,-1,100.mpg
612358,296,296,5.mpg
356923,3753,3753,5.mpg
920760,-1,-1,101.mpg
356923,3753,3753,6.mpg
612358,296,296,6.mpg
920760,-1,-1,102.mpg
612358,296,296,7.mpg
356923,3753,3753,7.mpg
920760,-1,-1,103.mpg
356923,3753,3753,8.mpg
612358,296,296,8.mpg
920760,-1,-1,104.mpg
612358,296,296,9.mpg
356923,3753,3753,9.mpg
920760,-1,-1,105.mpg
612358,296,296,10.mpg
356923,3753,3753,10.mpg
920760,-1,-1,106.mpg
612358,296,296,11.mpg
356923,3753,3753,11.mpg
780508,-1,-1,0.mpg
612358,296,296,12.mpg
356923,3753,3753,12.mpg
780508,-1,-1,1.mpg
356923,3753,3753,13.mpg
612358,296,296,13.mpg
780508,-1,-1,2.mpg
612358,296,296,14.mpg
356923,3753,3753,14.mpg
780508,-1,-1,3.mpg
612358,296,296,15.mpg
356923,3753,3753,15.mpg
780508,-1,-1,4.mpg
612358,296,296,16.mpg
356923,3753,3753,16.mpg
780508,-1,-1,5.mpg
612358,296,296,17.mpg
356923,3753,3753,17.mpg
780508,-1,-1,6.mpg
356923,3753,3753,18.mpg
612358,296,296,18.mpg
780508,-1,-1,7.mpg
612358,296,296,19.mpg
356923,3753,3753,19.mpg
780508,-1,-1,8.mpg
612358,296,296,20.mpg
356923,3753,3753,20.mpg
780508,-1,-1,9.mpg
612358,296,296,21.mpg
356923,3753,3753,21.mpg
780508,-1,-1,10.mpg
356923,3753,3753,22.mpg
612358,296,296,22.mpg
352403,1132,1132,0.mpg
780508,-1,-1,11.mpg
612358,296,296,23.mpg
356923,3753,3753,23.mpg
352403,1132,1132,1.mpg
780508,-1,-1,12.mpg
612358,296,296,24.mpg
356923,3753,3753,24.mpg
352403,1132,1132,2.mpg
780508,-1,-1,13.mpg
356923,3753,3753,25.mpg
612358,296,296,25.mpg
352403,1132,1132,3.mpg
780508,-1,-1,14.mpg
356923,3753,3753,26.mpg
352403,1132,1132,4.mpg
612358,296,296,26.mpg
497852,2227,2227,0.mpg
780508,-1,-1,15.mpg
612358,296,296,27.mpg
356923,3753,3753,27.mpg
732245,2455,2455,0.mpg
352403,1132,1132,5.mpg
497852,2227,2227,1.mpg
780508,-1,-1,16.mpg
732245,2455,2455,1.mpg
612358,296,296,28.mpg
352403,1132,1132,6.mpg
356923,3753,3753,28.mpg
497852,2227,2227,2.mpg
780508,-1,-1,17.mpg
612358,296,296,29.mpg
732245,2455,2455,2.mpg
356923,3753,3753,29.mpg
352403,1132,1132,7.mpg
825451,2005,2005,0.mpg
497852,2227,22909576,2829,2829,46.mpg
446969,208,208,13.mpg
909576,2829,2829,47.mpg
446969,208,208,14.mpg
909576,2829,2829,48.mpg
446969,208,208,15.mpg
909576,2829,2829,49.mpg
446969,208,208,16.mpg
909576,2829,2829,50.mpg
446969,208,208,17.mpg
909576,2829,2829,51.mpg
446969,208,208,18.mpg
909576,2829,2829,52.mpg
446969,208,208,19.mpg
909576,2829,2829,53.mpg
446969,208,208,20.mpg
909576,2829,2829,54.mpg
446969,208,208,21.mpg
909576,2829,2829,55.mpg
446969,208,208,22.mpg
909576,2829,2829,56.mpg
446969,208,208,23.mpg
909576,2829,2829,57.mpg
446969,208,208,24.mpg
909576,2829,2829,58.mpg
446969,208,208,25.mpg
909576,2829,2829,59.mpg
446969,208,208,26.mpg
909576,2829,2829,60.mpg
446969,208,208,27.mpg
909576,2829,2829,61.mpg
446969,208,208,28.mpg
909576,2829,2829,62.mpg
446969,208,208,29.mpg
909576,2829,2829,63.mpg
446969,208,208,30.mpg
909576,2829,2829,64.mpg
446969,208,208,31.mpg
909576,2829,2829,65.mpg
446969,208,208,32.mpg
909576,2829,2829,66.mpg
446969,208,208,33.mpg
909576,2829,2829,67.mpg
446969,208,208,34.mpg
909576,2829,2829,68.mpg
446969,208,208,35.mpg
909576,2829,2829,69.mpg
446969,208,208,36.mpg
909576,2829,2829,70.mpg
446969,208,208,37.mpg
909576,2829,2829,71.mpg
446969,208,208,38.mpg
909576,2829,2829,72.mpg
446969,208,208,39.mpg
909576,2829,2829,73.mpg
446969,208,208,40.mpg
909576,2829,2829,74.mpg
446969,208,208,41.mpg
909576,2829,2829,75.mpg
446969,208,208,42.mpg
909576,2829,2829,76.mpg
446969,208,208,43.mpg
909576,2829,2829,77.mpg
446969,208,208,44.mpg
909576,2829,2829,78.mpg
121522,4022,4022,0.mpg
446969,208,208,45.mpg
909576,2829,2829,79.mpg
446969,208,208,46.mpg
121522,4022,4022,1.mpg
909576,2829,2829,80.mpg
121522,4022,4022,2.mpg
446969,208,208,47.mpg
909576,2829,2829,81.mpg
367026,1175,1175,0.mpg
446969,208,208,48.mpg
121522,4022,4022,3.mpg
909576,2829,2829,82.mpg
367026,1175,1175,1.mpg
446969,208,208,49.mpg
909576,2829,2829,83.mpg
367026,1175,1175,2.mpg
446969,208,208,50.mpg
909576,2829,2829,84.mpg
367026,1175,1175,3.mpg
446969,208,208,51.mpg
909576,2829,2829,85.mpg
367026,1175,1175,4.mpg
446969,208,208,52.mpg
909576,2829,2829,86.mpg
367026,1175,1175,5.mpg
446969,208,208,53.mpg
909576,2829,2829,87.mpg
367026,1175,1175,6.mpg
446969,208,208,54.mpg
909576,2829,2829,88.mpg
367026,1175,1175,7.mpg
446969,208,208,55.mpg
909576,2829,2829,89.mpg
367026,1175,1175,8.mpg
446969,208,208,56.mpg
909576,2829,2829,90.mpg
367026,1175,1175,9.mpg
446969,208,208,57.mpg
909576,2829,2829,91.mpg
367026,1175,1175,10.mpg
446969,208,208,58.mpg
909576,2829,2829,92.mpg
367026,1175,1175,11.mpg
446969,208,208,59.mpg
909576,2829,2829,93.mpg
367026,1175,1175,12.mpg
446969,208,208,60.mpg
909576,2829,2829,94.mpg
367026,1175,1175,13.mpg
446969,208,208,61.mpg
909576,2829,2829,95.mpg
367026,1175,1175,14.mpg
446969,208,208,62.mpg
909576,2829,2829,96.mpg
446969,208,208,63.mpg
367026,1175,1175,15.mpg
909576,2829,2829,97.mpg
367026,1175,1175,16.mpg
446969,208,208,64.mpg
367026,1175,1175,17.mpg
446969,208,208,65.mpg
367026,1175,1175,18.mpg
446969,208,208,66.mpg
367026,1175,1175,19.mpg
446969,208,208,67.mpg
367026,1175,1175,20.mpg
446969,208,208,68.mpg
367026,1175,1175,21.mpg
446969,208,208,69.mpg
446969,208,208,70.mpg
367026,1175,1175,22.mpg
367026,1175,1175,23.mpg
446969,208,208,71.mpg
367026,1175,1175,24.mpg
446969,208,208,72.mpg
446969,208,208,73.mpg
446969,208,208,74.mpg
446969,208,208,75.mpg
446969,208,208,76.mpg
446969,208,208,77.mpg
446969,208,208,78.mpg
446969,208,208,79.mpg
446969,208,208,80.mpg
446969,208,208,81.mpg
446969,208,208,82.mpg
446969,208,208,83.mpg
446969,208,208,84.mpg
446969,208,208,85.mpg
446969,208,208,86.mpg
446969,208,208,87.mpg
446969,208,208,88.mpg
446969,208,208,89.mpg
446969,208,208,90.mpg
446969,208,208,91.mpg
446969,208,208,92.mpg
988831,736,736,0.mpg
446969,208,208,93.mpg
988831,736,736,1.mpg
446969,208,208,94.mpg
446969,208,208,95.mpg
988831,736,736,2.mpg
988831,736,736,3.mpg
446969,208,208,96.mpg
988831,736,736,4.mpg
446969,208,208,97.mpg
980444,2423,2423,0.mpg
988831,736,736,5.mpg
446969,208,208,98.mpg
980444,2423,2423,1.mpg
988831,736,736,6.mpg
446969,208,208,99.mpg
980444,2423,2423,2.mpg
988831,736,736,7.mpg
446969,208,208,100.mpg
980444,2423,2423,3.mpg
988831,736,736,8.mpg
446969,208,208,101.mpg
980444,2423,2423,4.mpg
988831,736,736,9.mpg
446969,208,208,102.mpg
988831,736,736,10.mpg
980444,2423,2423,5.mpg
446969,208,208,103.mpg
980444,2423,2423,6.mpg
988831,736,736,11.mpg
446969,208,208,104.mpg
980444,2423,2423,7.mpg
988831,736,736,12.mpg
446969,208,208,105.mpg
134536,1210,1210,0.mpg
980444,2423,2423,8.mpg
988831,736,736,13.mpg
446969,208,208,106.mpg
134536,1210,1210,1.mpg
980444,2423,2423,9.mpg
988831,736,736,14.mpg
446969,208,208,107.mpg
134536,1210,1210,2.mpg
980444,2423,2423,10.mpg
988831,736,736,15.mpg
446969,208,208,108.mpg
134536,1210,1210,3.mpg
980444,2423,2423,11.mpg
988831,736,736,16.mpg
446969,208,208,109.mpg
134536,1210,1210,4.mpg
980444,2423,2423,12.mpg
446969,208,208,110.mpg
988831,736,736,17.mpg
134536,1210,1210,5.mpg
980444,2423,2423,13.mpg
446969,208,208,111.mpg
988831,736,736,18.mpg
134536,1210,1210,6.mpg
980444,2423,2423,14.mpg
446969,208,208,112.mpg
988831,736,736,19.mpg
134536,1210,1210,7.mpg
980444,2423,2423,15.mpg
446969,208,208,113.mpg
988831,736,736,20.mpg
134536,1210,1210,8.mpg
980444,2423,2423,16.mpg
446969,208,208,114.mpg
988831,736,736,21.mpg
134536,1210,1210,9.mpg
980444,2423,2423,17.mpg
446969,208,208,115.mpg
988831,736,736,22.mpg
134536,1210,1210,10.mpg
980444,2423,2423,18.mpg
446969,208,208,116.mpg
988831,736,736,23.mpg
134536,1210,1210,11.mpg
980444,2423,2423,19.mpg
446969,208,208,117.mpg
988831,736,736,24.mpg
134536,1210,1210,12.mpg
980444,2423,2423,20.mpg
446969,208,208,118.mpg
988831,736,736,25.mpg
134536,1210,1210,13.mpg
980444,2423,2423,21.mpg
446969,208,208,119.mpg
988831,736,736,26.mpg
134536,1210,1210,14.mpg
980444,2423,2423,22.mpg
446969,208,208,120.mpg
988831,736,736,27.mpg
134536,1210,1210,15.mpg
980444,2423,2423,23.mpg
446969,208,208,121.mpg
988831,736,736,28.mpg
134536,1210,1210,16.mpg
980444,2423,2423,24.mpg
988831,736,736,29.mpg
134536,1210,1210,17.mpg
980444,2423,2423,25.mpg
988831,736,736,30.mpg
134536,1210,1210,18.mpg
980444,2423,2423,26.mpg
988831,736,736,31.mpg
134536,1210,1210,19.mpg
980444,2423,2423,27.mpg
988831,736,736,32.mpg
134536,1210,1210,20.mpg
980444,2423,2423,28.mpg
988831,736,736,33.mpg
134536,1210,1210,21.mpg
980444,2423,2423,29.mpg
988831,736,736,34.mpg
134536,1210,1210,22.mpg
980444,2423,2423,30.mpg
988831,736,736,35.mpg
134536,1210,1210,23.mpg
980444,2423,2423,31.mpg
988831,736,736,36.mpg
134536,1210,1210,24.mpg
980444,2423,2423,32.mpg
988831,736,736,37.mpg
134536,1210,1210,25.mpg
980444,2423,2423,33.mpg
988831,736,736,38.mpg
134536,1210,1210,26.mpg
980444,2423,2423,34.mpg
988831,736,736,39.mpg
134536,1210,1210,27.mpg
980444,2423,2423,35.mpg
988831,736,736,40.mpg
134536,1210,1210,28.mpg
980444,2423,2423,36.mpg
988831,736,736,41.mpg
134536,1210,1210,29.mpg
980444,2423,2423,37.mpg
988831,736,736,42.mpg
134536,1210,1210,30.mpg
980444,2423,2423,38.mpg
988831,736,736,43.mpg
134536,1210,1210,31.mpg
980444,2423,2423,39.mpg
988831,736,736,44.mpg
134536,1210,1210,32.mpg
980444,2423,2423,40.mpg
988831,736,736,45.mpg
134536,1210,1210,33.mpg
980444,2423,2423,41.mpg
988831,736,736,46.mpg
134536,1210,1210,34.mpg
980444,2423,2423,42.mpg
988831,736,736,47.mpg
980444,2423,2423,43.mpg
134536,1210,1210,35.mpg
988831,736,736,48.mpg
980444,2423,2423,44.mpg
134536,1210,1210,36.mpg
988831,736,736,49.mpg
980444,2423,2423,45.mpg
134536,1210,1210,37.mpg
988831,736,736,50.mpg
980444,2423,2423,46.mpg
134536,1210,1210,38.mpg
988831,736,736,51.mpg
134536,1210,1210,39.mpg
980444,2423,2423,47.mpg
988831,736,736,52.mpg
980444,2423,2423,48.mpg
134536,1210,1210,40.mpg
655691,376,376,0.mpg
988831,736,736,53.mpg
980444,2423,2423,49.mpg
655691,376,376,1.mpg
988831,736,736,54.mpg
655691,376,376,2.mpg
980444,2423,2423,50.mpg
988831,736,736,55.mpg
655691,376,376,3.mpg
980444,2423,2423,51.mpg
988831,736,736,56.mpg
980444,2423,2423,52.mpg
655691,376,376,4.mpg
988831,736,736,57.mpg
980444,2423,2423,53.mpg
655691,376,376,5.mpg
988831,736,736,58.mpg
655691,376,376,6.mpg
988831,736,736,59.mpg
655691,376,376,7.mpg
988831,736,736,60.mpg
655691,376,376,8.mpg
988831,736,736,61.mpg
655691,376,376,9.mpg
988831,736,736,62.mpg
655691,376,376,10.mpg
988831,736,736,63.mpg
655691,376,376,11.mpg
988831,736,736,64.mpg
655691,376,376,12.mpg
988831,736,736,65.mpg
655691,376,376,13.mpg
988831,736,736,66.mpg
655691,376,376,14.mpg
988831,736,736,67.mpg
655691,376,376,15.mpg
988831,736,736,68.mpg
655691,376,376,16.mpg
988831,736,736,69.mpg
655691,376,376,17.mpg
988831,736,736,70.mpg
655691,376,376,18.mpg
988831,736,736,71.mpg
655691,376,376,19.mpg
988831,736,736,72.mpg
655691,376,376,20.mpg
988831,736,736,73.mpg
655691,376,376,21.mpg
988831,736,736,74.mpg
988831,736,736,75.mpg
988831,736,736,76.mpg
988831,736,736,77.mpg
988831,736,736,78.mpg
988831,736,736,79.mpg
988831,736,736,80.mpg
988831,736,736,81.mpg
988831,736,736,82.mpg
988831,736,736,83.mpg
988831,736,736,84.mpg
988831,736,736,85.mpg
988831,736,736,86.mpg
988831,736,736,87.mpg
988831,736,736,88.mpg
988831,736,736,89.mpg
988831,736,736,90.mpg
988831,736,736,91.mpg
891310,364,364,0.mpg
891310,364,364,1.mpg
891310,364,364,2.mpg
891310,364,364,3.mpg
891310,364,364,4.mpg
891310,364,364,5.mpg
891310,364,364,6.mpg
891310,364,364,7.mpg
891310,364,364,8.mpg
891310,364,364,9.mpg
891310,364,364,10.mpg
891310,364,364,11.mpg
891310,364,364,12.mpg
891310,364,364,13.mpg
891310,364,364,14.mpg
891310,364,364,15.mpg
891310,364,364,16.mpg
891310,364,364,17.mpg
891310,364,364,18.mpg
891310,364,364,19.mpg
891310,364,364,20.mpg
891310,364,364,21.mpg
891310,364,364,22.mpg
891310,364,364,23.mpg
891310,364,364,24.mpg
891310,364,364,25.mpg
891310,364,364,26.mpg
891310,364,364,27.mpg
891310,364,364,28.mpg
642756,2959,2959,0.mpg
642756,2959,2959,1.mpg
642756,2959,2959,2.mpg
642756,2959,2959,3.mpg
642756,2959,2959,4.mpg
642756,2959,2959,5.mpg
642756,2959,2959,6.mpg
642756,2959,2959,7.mpg
642756,2959,2959,8.mpg
642756,2959,2959,9.mpg
642756,2959,2959,10.mpg
642756,2959,2959,11.mpg
642756,2959,2959,12.mpg
642756,2959,2959,13.mpg
231122,165,165,0.mpg
642756,2959,2959,14.mpg
231122,165,165,1.mpg
642756,2959,2959,15.mpg
231122,165,165,2.mpg
642756,2959,2959,16.mpg
231122,165,165,3.mpg
642756,2959,2959,17.mpg
231122,165,165,4.mpg
642756,2959,2959,18.mpg
231122,165,165,5.mpg
642756,2959,2959,19.mpg
231122,165,165,6.mpg
642756,2959,2959,20.mpg
231122,165,165,7.mpg
642756,2959,2959,21.mpg
231122,165,165,8.mpg
642756,2959,2959,22.mpg
231122,165,165,9.mpg
642756,2959,2959,23.mpg
231122,165,165,10.mpg
642756,2959,2959,24.mpg
231122,165,165,11.mpg
642756,2959,2959,25.mpg
231122,165,165,12.mpg
642756,2959,2959,26.mpg
231122,165,165,13.mpg
642756,2959,2959,27.mpg
231122,165,165,14.mpg
642756,2959,2959,28.mpg
231122,165,165,15.mpg
642756,2959,2959,29.mpg
231122,165,165,16.mpg
642756,2959,2959,30.mpg
231122,165,165,17.mpg
642756,2959,2959,31.mpg
231122,165,165,18.mpg
642756,2959,2959,32.mpg
231122,165,165,19.mpg
642756,2959,2959,33.mpg
231122,165,165,20.mpg
642756,2959,2959,34.mpg
231122,165,165,21.mpg
642756,2959,2959,35.mpg
231122,165,165,22.mpg
642756,2959,2959,36.mpg
231122,165,165,23.mpg
642756,2959,2959,37.mpg
231122,165,165,24.mpg
642756,2959,2959,38.mpg
231122,165,165,25.mpg
642756,2959,2959,39.mpg
231122,165,165,26.mpg
642756,2959,2959,40.mpg
231122,165,165,27.mpg
642756,2959,2959,41.mpg
231122,165,165,28.mpg
642756,2959,2959,42.mpg
231122,165,165,29.mpg
642756,2959,2959,43.mpg
231122,165,165,30.mpg
642756,2959,2959,44.mpg
231122,165,165,31.mpg
642756,2959,2959,45.mpg
231122,165,165,32.mpg
642756,2959,2959,46.mpg
231122,165,165,33.mpg
642756,2959,2959,47.mpg
231122,165,165,34.mpg
642756,2959,2959,48.mpg
231122,165,165,35.mpg
642756,2959,2959,49.mpg
231122,165,165,36.mpg
642756,2959,2959,50.mpg
231122,165,165,37.mpg
642756,2959,2959,51.mpg
231122,165,165,38.mpg
642756,2959,2959,52.mpg
231122,165,165,39.mpg
642756,2959,2959,53.mpg
231122,165,165,40.mpg
642756,2959,2959,54.mpg
231122,165,165,41.mpg
642756,2959,2959,55.mpg
231122,165,165,42.mpg
642756,2959,2959,56.mpg
231122,165,165,43.mpg
642756,2959,2959,57.mpg
231122,165,165,44.mpg
642756,2959,2959,58.mpg
231122,165,165,45.mpg
642756,2959,2959,59.mpg
231122,165,165,46.mpg
642756,2959,2959,60.mpg
231122,165,165,47.mpg
642756,2959,2959,61.mpg
231122,165,165,48.mpg
642756,2959,2959,62.mpg
231122,165,165,49.mpg
642756,2959,2959,63.mpg
231122,165,165,50.mpg
642756,2959,2959,64.mpg
231122,165,165,51.mpg
642756,2959,2959,65.mpg
231122,165,165,52.mpg
642756,2959,2959,66.mpg
231122,165,165,53.mpg
642756,2959,2959,67.mpg
231122,165,165,54.mpg
642756,2959,2959,68.mpg
231122,165,165,55.mpg
642756,2959,2959,69.mpg
231122,165,165,56.mpg
642756,2959,2959,70.mpg
231122,165,165,57.mpg
642756,2959,2959,71.mpg
231122,165,165,58.mpg
642756,2959,2959,72.mpg
231122,165,165,59.mpg
642756,2959,2959,73.mpg
231122,165,165,60.mpg
642756,2959,2959,74.mpg
231122,165,165,61.mpg
642756,2959,2959,75.mpg
231122,165,165,62.mpg
642756,2959,2959,76.mpg
231122,165,165,63.mpg
642756,2959,2959,77.mpg
231122,165,165,64.mpg
642756,2959,2959,78.mpg
231122,165,165,65.mpg
642756,2959,2959,79.mpg
231122,165,165,66.mpg
642756,2959,2959,80.mpg
231122,165,165,67.mpg
642756,2959,2959,81.mpg
231122,165,165,68.mpg
642756,2959,2959,82.mpg
231122,165,165,69.mpg
642756,2959,2959,83.mpg
231122,165,165,70.mpg
642756,2959,2959,84.mpg
231122,165,165,71.mpg
642756,2959,2959,85.mpg
231122,165,165,72.mpg
642756,2959,2959,86.mpg
231122,165,165,73.mpg
642756,2959,2959,87.mpg
231122,165,165,74.mpg
642756,2959,2959,88.mpg
231122,165,165,75.mpg
642756,2959,2959,89.mpg
231122,165,165,76.mpg
642756,2959,2959,90.mpg
231122,165,165,77.mpg
642756,2959,2959,91.mpg
231122,165,165,78.mpg
642756,2959,2959,92.mpg
231122,165,165,79.mpg
642756,2959,2959,93.mpg
231122,165,165,80.mpg
642756,2959,2959,94.mpg
231122,165,165,81.mpg
642756,2959,2959,95.mpg
231122,165,165,82.mpg
642756,2959,2959,96.mpg
231122,165,165,83.mpg
642756,2959,2959,97.mpg
231122,165,165,84.mpg
642756,2959,2959,98.mpg
231122,165,165,85.mpg
642756,2959,2959,99.mpg
231122,165,165,86.mpg
642756,2959,2959,100.mpg
231122,165,165,87.mpg
231122,165,165,88.mpg
231122,165,165,89.mpg
231122,165,165,90.mpg
231122,165,165,91.mpg
231122,165,165,92.mpg
231122,165,165,93.mpg
231122,165,165,94.mpg
231122,165,165,95.mpg
231122,165,165,96.mpg
231122,165,165,97.mpg
231122,165,165,98.mpg
231122,165,165,99.mpg
231122,165,165,100.mpg
231122,165,165,101.mpg
231122,165,165,102.mpg
231122,165,165,103.mpg
231122,165,165,104.mpg
231122,165,165,105.mpg
231122,165,165,106.mpg
231122,165,165,107.mpg
231122,165,165,108.mpg
231122,165,165,109.mpg
231122,165,165,110.mpg
231122,165,165,111.mpg
231122,165,165,112.mpg
231122,165,165,113.mpg
231122,165,165,114.mpg
231122,165,165,115.mpg
231122,165,165,116.mpg
231122,165,165,117.mpg
231122,165,165,118.mpg
231122,165,165,119.mpg
231122,165,165,120.mpg
231122,165,165,121.mpg
231122,165,165,122.mpg
231122,165,165,123.mpg
231122,165,165,124.mpg
231122,165,165,125.mpg
231122,165,165,126.mpg
231122,165,165,127.mpg
231122,165,165,128.mpg
123427,3,3,0.mpg
123427,3,3,1.mpg
123427,3,3,2.mpg
123427,3,3,3.mpg
123427,3,3,4.mpg
123427,3,3,5.mpg
123427,3,3,6.mpg
123427,3,3,7.mpg
123427,3,3,8.mpg
123427,3,3,9.mpg
123427,3,3,10.mpg
123427,3,3,11.mpg
123427,3,3,12.mpg
123427,3,3,13.mpg
123427,3,3,14.mpg
123427,3,3,15.mpg
123427,3,3,16.mpg
123427,3,3,17.mpg
123427,3,3,18.mpg
123427,3,3,19.mpg
123427,3,3,20.mpg
123427,3,3,21.mpg
123427,3,3,22.mpg
123427,3,3,23.mpg
123427,3,3,24.mpg
123427,3,3,25.mpg
123427,3,3,26.mpg
123427,3,3,27.mpg
123427,3,3,28.mpg
123427,3,3,29.mpg
123427,3,3,30.mpg
123427,3,3,31.mpg
123427,3,3,32.mpg
123427,3,3,33.mpg
123427,3,3,34.mpg
123427,3,3,35.mpg
123427,3,3,36.mpg
123427,3,3,37.mpg
123427,3,3,38.mpg
123427,3,3,39.mpg
123427,3,3,40.mpg
123427,3,3,41.mpg
123427,3,3,42.mpg
123427,3,3,43.mpg
123427,3,3,44.mpg
123427,3,3,45.mpg
123427,3,3,46.mpg
123427,3,3,47.mpg
123427,3,3,48.mpg
123427,3,3,49.mpg
123427,3,3,50.mpg
123427,3,3,51.mpg
123427,3,3,52.mpg
123427,3,3,53.mpg
123427,3,3,54.mpg
123427,3,3,55.mpg
123427,3,3,56.mpg
123427,3,3,57.mpg
123427,3,3,58.mpg
123427,3,3,59.mpg
123427,3,3,60.mpg
123427,3,3,61.mpg
123427,3,3,62.mpg
123427,3,3,63.mpg
123427,3,3,64.mpg
123427,3,3,65.mpg
123427,3,3,66.mpg
123427,3,3,67.mpg
123427,3,3,68.mpg
123427,3,3,69.mpg
123427,3,3,70.mpg
123427,3,3,71.mpg
123427,3,3,72.mpg
123427,3,3,73.mpg
123427,3,3,74.mpg
123427,3,3,75.mpg
123427,3,3,76.mpg
123427,3,3719740,457,457,65.mpg
428888,247,247,48.mpg
482701,296,296,52.mpg
719740,457,457,66.mpg
428888,247,247,49.mpg
815484,3098,3098,51.mpg
482701,296,296,53.mpg
719740,457,457,67.mpg
428888,247,247,50.mpg
482701,296,296,54.mpg
719740,457,457,68.mpg
428888,247,247,51.mpg
482701,296,296,55.mpg
719740,457,457,69.mpg
428888,247,247,52.mpg
482701,296,296,56.mpg
719740,457,457,70.mpg
428888,247,247,53.mpg
482701,296,296,57.mpg
719740,457,457,71.mpg
428888,247,247,54.mpg
482701,296,296,58.mpg
719740,457,457,72.mpg
428888,247,247,55.mpg
482701,296,296,59.mpg
719740,457,457,73.mpg
428888,247,247,56.mpg
482701,296,296,60.mpg
719740,457,457,74.mpg
428888,247,247,57.mpg
482701,296,296,61.mpg
719740,457,457,75.mpg
428888,247,247,58.mpg
482701,296,296,62.mpg
719740,457,457,76.mpg
428888,247,247,59.mpg
482701,296,296,63.mpg
719740,457,457,77.mpg
428888,247,247,60.mpg
482701,296,296,64.mpg
719740,457,457,78.mpg
428888,247,247,61.mpg
482701,296,296,65.mpg
719740,457,457,79.mpg
428888,247,247,62.mpg
482701,296,296,66.mpg
719740,457,457,80.mpg
428888,247,247,63.mpg
482701,296,296,67.mpg
719740,457,457,81.mpg
428888,247,247,64.mpg
482701,296,296,68.mpg
719740,457,457,82.mpg
428888,247,247,65.mpg
719740,457,457,83.mpg
428888,247,247,66.mpg
719740,457,457,84.mpg
428888,247,247,67.mpg
719740,457,457,85.mpg
428888,247,247,68.mpg
517288,141,141,0.mpg
719740,457,457,86.mpg
428888,247,247,69.mpg
517288,141,141,1.mpg
719740,457,457,87.mpg
428888,247,247,70.mpg
517288,141,141,2.mpg
719740,457,457,88.mpg
428888,247,247,71.mpg
517288,141,141,3.mpg
719740,457,457,89.mpg
428888,247,247,72.mpg
517288,141,141,4.mpg
719740,457,457,90.mpg
428888,247,247,73.mpg
517288,141,141,5.mpg
719740,457,457,91.mpg
428888,247,247,74.mpg
517288,141,141,6.mpg
719740,457,457,92.mpg
428888,247,247,75.mpg
517288,141,141,7.mpg
719740,457,457,93.mpg
428888,247,247,76.mpg
517288,141,141,8.mpg
719740,457,457,94.mpg
428888,247,247,77.mpg
517288,141,141,9.mpg
719740,457,457,95.mpg
428888,247,247,78.mpg
517288,141,141,10.mpg
719740,457,457,96.mpg
428888,247,247,79.mpg
517288,141,141,11.mpg
719740,457,457,97.mpg
428888,247,247,80.mpg
517288,141,141,12.mpg
719740,457,457,98.mpg
517288,141,141,13.mpg
719740,457,457,99.mpg
517288,141,141,14.mpg
719740,457,457,100.mpg
517288,141,141,15.mpg
719740,457,457,101.mpg
517288,141,141,16.mpg
719740,457,457,102.mpg
517288,141,141,17.mpg
719740,457,457,103.mpg
517288,141,141,18.mpg
719740,457,457,104.mpg
517288,141,141,19.mpg
517288,141,141,20.mpg
517288,141,141,21.mpg
517288,141,141,22.mpg
509931,1701,1701,0.mpg
517288,141,141,23.mpg
509931,1701,1701,1.mpg
517288,141,141,24.mpg
509931,1701,1701,2.mpg
517288,141,141,25.mpg
509931,1701,1701,3.mpg
517288,141,141,26.mpg
509931,1701,1701,4.mpg
517288,141,141,27.mpg
509931,1701,1701,5.mpg
517288,141,141,28.mpg
509931,1701,1701,6.mpg
517288,141,141,29.mpg
509931,1701,1701,7.mpg
517288,141,141,30.mpg
509931,1701,1701,8.mpg
517288,141,141,31.mpg
509931,1701,1701,9.mpg
517288,141,141,32.mpg
509931,1701,1701,10.mpg
517288,141,141,33.mpg
509931,1701,1701,11.mpg
517288,141,141,34.mpg
509931,1701,1701,12.mpg
517288,141,141,35.mpg
509931,1701,1701,13.mpg
517288,141,141,36.mpg
509931,1701,1701,14.mpg
517288,141,141,37.mpg
509931,1701,1701,15.mpg
517288,141,141,38.mpg
509931,1701,1701,16.mpg
517288,141,141,39.mpg
509931,1701,1701,17.mpg
517288,141,141,40.mpg
509931,1701,1701,18.mpg
517288,141,141,41.mpg
509931,1701,1701,19.mpg
517288,141,141,42.mpg
509931,1701,1701,20.mpg
517288,141,141,43.mpg
509931,1701,1701,21.mpg
517288,141,141,44.mpg
509931,1701,1701,22.mpg
517288,141,141,45.mpg
545569,34,34,0.mpg
509931,1701,1701,23.mpg
517288,141,141,46.mpg
509931,1701,1701,24.mpg
545569,34,34,1.mpg
517288,141,141,47.mpg
509931,1701,1701,25.mpg
545569,34,34,2.mpg
517288,141,141,48.mpg
509931,1701,1701,26.mpg
545569,34,34,3.mpg
517288,141,141,49.mpg
509931,1701,1701,27.mpg
545569,34,34,4.mpg
517288,141,141,50.mpg
509931,1701,1701,28.mpg
545569,34,34,5.mpg
517288,141,141,51.mpg
509931,1701,1701,29.mpg
545569,34,34,6.mpg
517288,141,141,52.mpg
509931,1701,1701,30.mpg
545569,34,34,7.mpg
517288,141,141,53.mpg
509931,1701,1701,31.mpg
545569,34,34,8.mpg
517288,141,141,54.mpg
509931,1701,1701,32.mpg
545569,34,34,9.mpg
517288,141,141,55.mpg
509931,1701,1701,33.mpg
545569,34,34,10.mpg
517288,141,141,56.mpg
509931,1701,1701,34.mpg
545569,34,34,11.mpg
517288,141,141,57.mpg
509931,1701,1701,35.mpg
545569,34,34,12.mpg
517288,141,141,58.mpg
509931,1701,1701,36.mpg
545569,34,34,13.mpg
517288,141,141,59.mpg
509931,1701,1701,37.mpg
545569,34,34,14.mpg
517288,141,141,60.mpg
509931,1701,1701,38.mpg
545569,34,34,15.mpg
517288,141,141,61.mpg
509931,1701,1701,39.mpg
545569,34,34,16.mpg
517288,141,141,62.mpg
509931,1701,1701,40.mpg
545569,34,34,17.mpg
517288,141,141,63.mpg
509931,1701,1701,41.mpg
545569,34,34,18.mpg
517288,141,141,64.mpg
509931,1701,1701,42.mpg
545569,34,34,19.mpg
517288,141,141,65.mpg
509931,1701,1701,43.mpg
545569,34,34,20.mpg
517288,141,141,66.mpg
509931,1701,1701,44.mpg
545569,34,34,21.mpg
517288,141,141,67.mpg
509931,1701,1701,45.mpg
545569,34,34,22.mpg
517288,141,141,68.mpg
509931,1701,1701,46.mpg
545569,34,34,23.mpg
517288,141,141,69.mpg
509931,1701,1701,47.mpg
545569,34,34,24.mpg
509931,1701,1701,48.mpg
545569,34,34,25.mpg
509931,1701,1701,49.mpg
545569,34,34,26.mpg
509931,1701,1701,50.mpg
545569,34,34,27.mpg
509931,1701,1701,51.mpg
545569,34,34,28.mpg
509931,1701,1701,52.mpg
545569,34,34,29.mpg
509931,1701,1701,53.mpg
545569,34,34,30.mpg
509931,1701,1701,54.mpg
545569,34,34,31.mpg
509931,1701,1701,55.mpg
545569,34,34,32.mpg
509931,1701,1701,56.mpg
545569,34,34,33.mpg
509931,1701,1701,57.mpg
545569,34,34,34.mpg
509931,1701,1701,58.mpg
545569,34,34,35.mpg
509931,1701,1701,59.mpg
545569,34,34,36.mpg
509931,1701,1701,60.mpg
545569,34,34,37.mpg
509931,1701,1701,61.mpg
545569,34,34,38.mpg
509931,1701,1701,62.mpg
545569,34,34,39.mpg
509931,1701,1701,63.mpg
545569,34,34,40.mpg
509931,1701,1701,64.mpg
545569,34,34,41.mpg
509931,1701,1701,65.mpg
545569,34,34,42.mpg
509931,1701,1701,66.mpg
545569,34,34,43.mpg
509931,1701,1701,67.mpg
545569,34,34,44.mpg
509931,1701,1701,68.mpg
545569,34,34,45.mpg
509931,1701,1701,69.mpg
545569,34,34,46.mpg
509931,1701,1701,70.mpg
545569,34,34,47.mpg
509931,1701,1701,71.mpg
545569,34,34,48.mpg
509931,1701,1701,72.mpg
545569,34,34,49.mpg
509931,1701,1701,73.mpg
545569,34,34,50.mpg
509931,1701,1701,74.mpg
545569,34,34,51.mpg
509931,1701,1701,75.mpg
545569,34,34,52.mpg
509931,1701,1701,76.mpg
545569,34,34,53.mpg
509931,1701,1701,77.mpg
545569,34,34,54.mpg
509931,1701,1701,78.mpg
545569,34,34,55.mpg
509931,1701,1701,79.mpg
545569,34,34,56.mpg
509931,1701,1701,80.mpg
545569,34,34,57.mpg
509931,1701,1701,81.mpg
545569,34,34,58.mpg
509931,1701,1701,82.mpg
545569,34,34,59.mpg
509931,1701,1701,83.mpg
545569,34,34,60.mpg
509931,1701,1701,84.mpg
545569,34,34,61.mpg
509931,1701,1701,85.mpg
545569,34,34,62.mpg
545569,34,34,63.mpg
545569,34,34,64.mpg
545569,34,34,65.mpg
545569,34,34,66.mpg
545569,34,34,67.mpg
545569,34,34,68.mpg
545569,34,34,69.mpg
545569,34,34,70.mpg
545569,34,34,71.mpg
545569,34,34,72.mpg
545569,34,34,73.mpg
545569,34,34,74.mpg
545569,34,34,75.mpg
545569,34,34,76.mpg
545569,34,34,77.mpg
545569,34,34,78.mpg
545569,34,34,79.mpg
545569,34,34,80.mpg
545569,34,34,81.mpg
545569,34,34,82.mpg
545569,34,34,83.mpg
545569,34,34,84.mpg
545569,34,34,85.mpg
545569,34,34,86.mpg
545569,34,34,87.mpg
545569,34,34,88.mpg
545569,34,34,89.mpg
349621,5135,5135,0.mpg
349621,5135,5135,1.mpg
349621,5135,5135,2.mpg
349621,5135,5135,3.mpg
349621,5135,5135,4.mpg
349621,5135,5135,5.mpg
349621,5135,5135,6.mpg
349621,5135,5135,7.mpg
349621,5135,5135,8.mpg
349621,5135,5135,9.mpg
349621,5135,5135,10.mpg
349621,5135,5135,11.mpg
349621,5135,5135,12.mpg
349621,5135,5135,13.mpg
349621,5135,5135,14.mpg
119994,1735,1735,0.mpg
119994,1735,1735,1.mpg
119994,1735,1735,2.mpg
119994,1735,1735,3.mpg
119994,1735,1735,4.mpg
119994,1735,1735,5.mpg
119994,1735,1735,6.mpg
119994,1735,1735,7.mpg
119994,1735,1735,8.mpg
119994,1735,1735,9.mpg
119994,1735,1735,10.mpg
119994,1735,1735,11.mpg
119994,1735,1735,12.mpg
119994,1735,1735,13.mpg
119994,1735,1735,14.mpg
921957,3408,3408,0.mpg
119994,1735,1735,15.mpg
921957,3408,3408,1.mpg
119994,1735,1735,16.mpg
921957,3408,3408,2.mpg
119994,1735,1735,17.mpg
921957,3408,3408,3.mpg
119994,1735,1735,18.mpg
921957,3408,3408,4.mpg
119994,1735,1735,19.mpg
921957,3408,3408,5.mpg
119994,1735,1735,20.mpg
921957,3408,3408,6.mpg
119994,1735,1735,21.mpg
921957,3408,3408,7.mpg
119994,1735,1735,22.mpg
921957,3408,3408,8.mpg
119994,1735,1735,23.mpg
921957,3408,3408,9.mpg
119994,1735,1735,24.mpg
921957,3408,3408,10.mpg
119994,1735,1735,25.mpg
921957,3408,3408,11.mpg
119994,1735,1735,26.mpg
921957,3408,3408,12.mpg
119994,1735,1735,27.mpg
921957,3408,3408,13.mpg
119994,1735,1735,28.mpg
921957,3408,3408,14.mpg
314703,1608,1608,0.mpg
119994,1735,1735,29.mpg
921957,3408,3408,15.mpg
314703,1608,1608,1.mpg
119994,1735,1735,30.mpg
921957,3408,3408,16.mpg
314703,1608,1608,2.mpg
119994,1735,1735,31.mpg
921957,3408,3408,17.mpg
314703,1608,1608,3.mpg
119994,1735,1735,32.mpg
921957,3408,3408,18.mpg
314703,1608,1608,4.mpg
119994,1735,1735,33.mpg
921957,3408,3408,19.mpg
314703,1608,1608,5.mpg
119994,1735,1735,34.mpg
921957,3408,3408,20.mpg
314703,1608,1608,6.mpg
119994,1735,1735,35.mpg
921957,3408,3408,21.mpg
314703,1608,1608,7.mpg
119994,1735,1735,36.mpg
314703,1608,1608,8.mpg
119994,1735,1735,37.mpg
314703,1608,1608,9.mpg
119994,1735,1735,38.mpg
314703,1608,1608,10.mpg
119994,1735,1735,39.mpg
314703,1608,1608,11.mpg
119994,1735,1735,40.mpg
314703,1608,1608,12.mpg
119994,1735,1735,41.mpg
921957,3408,3408,22.mpg
314703,1608,1608,13.mpg
119994,1735,1735,42.mpg
921957,3408,3408,23.mpg
314703,1608,1608,14.mpg
119994,1735,1735,43.mpg
921957,3408,3408,24.mpg
314703,1608,1608,15.mpg
119994,1735,1735,44.mpg
921957,3408,3408,25.mpg
314703,1608,1608,16.mpg
119994,1735,1735,45.mpg
921957,3408,3408,26.mpg
314703,1608,1608,17.mpg
119994,1735,1735,46.mpg
921957,3408,3408,27.mpg
314703,1608,1608,18.mpg
119994,1735,1735,47.mpg
921957,3408,3408,28.mpg
314703,1608,1608,19.mpg
119994,1735,1735,48.mpg
921957,3408,3408,29.mpg
314703,1608,1608,20.mpg
119994,1735,1735,49.mpg
921957,3408,3408,30.mpg
314703,1608,1608,21.mpg
119994,1735,1735,50.mpg
921957,3408,3408,31.mpg
314703,1608,1608,22.mpg
119994,1735,1735,51.mpg
921957,3408,3408,32.mpg
314703,1608,1608,23.mpg
119994,1735,1735,52.mpg
921957,3408,3408,33.mpg
314703,1608,1608,24.mpg
119994,1735,1735,53.mpg
921957,3408,3408,34.mpg
314703,1608,1608,25.mpg
119994,1735,1735,54.mpg
921957,3408,3408,35.mpg
314703,1608,1608,26.mpg
119994,1735,1735,55.mpg
921957,3408,3408,36.mpg
314703,1608,1608,27.mpg
119994,1735,1735,56.mpg
921957,3408,3408,37.mpg
917150,5816,5816,0.mpg
314703,1608,1608,28.mpg
119994,1735,1735,57.mpg
921957,3408,3408,38.mpg
917150,5816,5816,1.mpg
314703,1608,1608,29.mpg
119994,1735,1735,58.mpg
921957,3408,3408,39.mpg
917150,5816,5816,2.mpg
314703,1608,1608,30.mpg
119994,1735,1735,59.mpg
921957,3408,3408,40.mpg
917150,5816,5816,3.mpg
314703,1608,1608,31.mpg
119994,1735,1735,60.mpg
921957,3408,3408,41.mpg
917150,5816,5816,4.mpg
314703,1608,1608,32.mpg
119994,1735,1735,61.mpg
921957,3408,3408,42.mpg
917150,5816,5816,5.mpg
314703,1608,1608,33.mpg
119994,1735,1735,62.mpg
921957,3408,3408,43.mpg
917150,5816,5816,6.mpg
314703,1608,1608,34.mpg
119994,1735,1735,63.mpg
921957,3408,3408,44.mpg
917150,5816,5816,7.mpg
314703,1608,1608,35.mpg
119994,1735,1735,64.mpg
921957,3408,3408,45.mpg
917150,5816,5816,8.mpg
314703,1608,1608,36.mpg
119994,1735,1735,65.mpg
921957,3408,3408,46.mpg
917150,5816,5816,9.mpg
314703,1608,1608,37.mpg
119994,1735,1735,66.mpg
921957,3408,3408,47.mpg
917150,5816,5816,10.mpg
314703,1608,1608,38.mpg
119994,1735,1735,67.mpg
921957,3408,3408,48.mpg
917150,5816,5816,11.mpg
314703,1608,1608,39.mpg
119994,1735,1735,68.mpg
921957,3408,3408,49.mpg
917150,5816,5816,12.mpg
314703,1608,1608,40.mpg
119994,1735,1735,69.mpg
921957,3408,3408,50.mpg
917150,5816,5816,13.mpg
314703,1608,1608,41.mpg
119994,1735,1735,70.mpg
921957,3408,3408,51.mpg
917150,5816,5816,14.mpg
314703,1608,1608,42.mpg
119994,1735,1735,71.mpg
921957,3408,3408,52.mpg
917150,5816,5816,15.mpg
314703,1608,1608,43.mpg
119994,1735,1735,72.mpg
921957,3408,3408,53.mpg
917150,5816,5816,16.mpg
314703,1608,1608,44.mpg
119994,1735,1735,73.mpg
921957,3408,3408,54.mpg
917150,5816,5816,17.mpg
314703,1608,1608,45.mpg
119994,1735,1735,74.mpg
921957,3408,3408,55.mpg
917150,5816,5816,18.mpg
314703,1608,1608,46.mpg
119994,1735,1735,75.mpg
921957,3408,3408,56.mpg
314703,1608,1608,47.mpg
917150,5816,5816,19.mpg
119994,1735,1735,76.mpg
921957,3408,3408,57.mpg
314703,1608,1608,48.mpg
119994,1735,1735,77.mpg
921957,3408,3408,58.mpg
314703,1608,1608,49.mpg
119994,1735,1735,78.mpg
921957,3408,3408,59.mpg
314703,1608,1608,50.mpg
119994,1735,1735,79.mpg
921957,3408,3408,60.mpg
314703,1608,1608,51.mpg
119994,1735,1735,80.mpg
921957,3408,3408,61.mpg
314703,1608,1608,52.mpg
119994,1735,1735,81.mpg
921957,3408,3408,62.mpg
314703,1608,1608,53.mpg
119994,1735,1735,82.mpg
921957,3408,3408,63.mpg
314703,1608,1608,54.mpg
119994,1735,1735,83.mpg
921957,3408,3408,64.mpg
314703,1608,1608,55.mpg
119994,1735,1735,84.mpg
921957,3408,3408,65.mpg
314703,1608,1608,56.mpg
119994,1735,1735,85.mpg
921957,3408,3408,66.mpg
314703,1608,1608,57.mpg
119994,1735,1735,86.mpg
921957,3408,3408,67.mpg
314703,1608,1608,58.mpg
921957,3408,3408,68.mpg
314703,1608,1608,59.mpg
921957,3408,3408,69.mpg
314703,1608,1608,60.mpg
921957,3408,3408,70.mpg
314703,1608,1608,61.mpg
921957,3408,3408,71.mpg
314703,1608,1608,62.mpg
921957,3408,3408,72.mpg
314703,1608,1608,63.mpg
921957,3408,3408,73.mpg
314703,1608,1608,64.mpg
921957,3408,3408,74.mpg
314703,1608,1608,65.mpg
921957,3408,3408,75.mpg
314703,1608,1608,66.mpg
921957,3408,3408,76.mpg
314703,1608,1608,67.mpg
921957,3408,3408,77.mpg
314703,1608,1608,68.mpg
921957,3408,3408,78.mpg
314703,1608,1608,69.mpg
921957,3408,3408,79.mpg
314703,1608,1608,70.mpg
921957,3408,3408,80.mpg
314703,1608,1608,71.mpg
921957,3408,3408,81.mpg
314703,1608,1608,72.mpg
921957,3408,3408,82.mpg
314703,1608,1608,73.mpg
921957,3408,3408,83.mpg
314703,1608,1608,74.mpg
921957,3408,3408,84.mpg
314703,1608,1608,75.mpg
921957,3408,3408,85.mpg
314703,1608,1608,76.mpg
921957,3408,3408,86.mpg
314703,1608,1608,77.mpg
921957,3408,3408,87.mpg
314703,1608,1608,78.mpg
921957,3408,3408,88.mpg
314703,1608,1608,79.mpg
921957,3408,3408,89.mpg
314703,1608,1608,80.mpg
921957,3408,3408,90.mpg
314703,1608,1608,81.mpg
921957,3408,3408,91.mpg
314703,1608,1608,82.mpg
921957,3408,3408,92.mpg
314703,1608,1608,83.mpg
921957,3408,3408,93.mpg
314703,1608,1608,84.mpg
921957,3408,3408,94.mpg
314703,1608,1608,85.mpg
921957,3408,3408,95.mpg
314703,1608,1608,86.mpg
921957,3408,3408,96.mpg
314703,1608,1608,87.mpg
921957,3408,3408,97.mpg
314703,1608,1608,88.mpg
921957,3408,3408,98.mpg
314703,1608,1608,89.mpg
921957,3408,3408,99.mpg
314703,1608,1608,90.mpg
921957,3408,3408,100.mpg
314703,1608,1608,91.mpg
921957,3408,3408,101.mpg
314703,1608,1608,92.mpg
921957,3408,3408,102.mpg
921957,3408,3408,103.mpg
921957,3408,3408,104.mpg
921957,3408,3408,105.mpg
921957,3408,3408,106.mpg
921957,3408,3408,107.mpg
921957,3408,3408,108.mpg
921957,3408,3408,109.mpg
122387,-1,-1,0.mpg
122387,-1,-1,1.mpg
122387,-1,-1,2.mpg
122387,-1,-1,3.mpg
122387,-1,-1,4.mpg
122387,-1,-1,5.mpg
122387,-1,-1,6.mpg
122387,-1,-1,7.mpg
122387,-1,-1,8.mpg
122387,-1,-1,9.mpg
122387,-1,-1,10.mpg
122387,-1,-1,11.mpg
122387,-1,-1,12.mpg
122387,-1,-1,13.mpg
122387,-1,-1,14.mpg
122387,-1,-1,15.mpg
122387,-1,-1,16.mpg
122387,-1,-1,17.mpg
122387,-1,-1,18.mpg
122387,-1,-1,19.mpg
122387,-1,-1,20.mpg
122387,-1,-1,21.mpg
122387,-1,-1,22.mpg
122387,-1,-1,23.mpg
122387,-1,-1,24.mpg
122387,-1,-1,25.mpg
122387,-1,-1,26.mpg
122387,-1,-1,27.mpg
122387,-1,-1,28.mpg
122387,-1,-1,29.mpg
122387,-1,-1,30.mpg
122387,-1,-1,31.mpg
122387,-1,-1,32.mpg
122387,-1,-1,33.mpg
122387,-1,-1,34.mpg
122387,-1,-1,35.mpg
122387,-1,-1,36.mpg
122387,-1,-1,37.mpg
122387,-1,-1,38.mpg
122387,-1,-1,39.mpg
122387,-1,-1,40.mpg
122387,-1,-1,41.mpg
938148,8506,8506,0.mpg
122387,-1,-1,42.mpg
938148,8506,8506,1.mpg
122387,-1,-1,43.mpg
938148,8506,8506,2.mpg
122387,-1,-1,44.mpg
938148,8506,8506,3.mpg
122387,-1,-1,45.mpg
938148,8506,8506,4.mpg
122387,-1,-1,46.mpg
938148,8506,8506,5.mpg
938148,8506,8506,6.mpg
938148,8506,8506,7.mpg
938148,8506,8506,8.mpg
938148,8506,8506,9.mpg
938148,8506,8506,10.mpg
856616,-1,-1,0.mpg
856616,-1,-1,1.mpg
856616,-1,-1,2.mpg
